username,email,phone,password 
N1,a1@naver.com,010-1111-2222,1234
N2,a2@naver.com,010-1111-2223,1234
N3,a3@naver.com,010-1111-2224,1234
N4,a4@naver.com,010-1111-2225,1234
N5,a5@naver.com,010-1111-2226,1234
N6,a6@naver.com,010-1111-2227,1234
N7,a7@naver.com,010-1111-2228,1234
N8,a8@naver.com,010-1111-2229,1234
N9,a9@naver.com,010-1111-2230,1234
N10,a10@naver.com,010-1111-2231,1234
N11,a11@naver.com,010-1111-2232,1234
N12,a12@naver.com,010-1111-2233,1234
N13,a13@naver.com,010-1111-2234,1234
N14,a14@naver.com,010-1111-2235,1234
N15,a15@naver.com,010-1111-2236,1234
N16,a16@naver.com,010-1111-2237,1234
N17,a17@naver.com,010-1111-2238,1234
N18,a18@naver.com,010-1111-2239,1234
N19,a19@naver.com,010-1111-2240,1234
N20,a20@naver.com,010-1111-2241,1234
N21,a21@naver.com,010-1111-2242,1234
N22,a22@naver.com,010-1111-2243,1234
N23,a23@naver.com,010-1111-2244,1234
N24,a24@naver.com,010-1111-2245,1234
N25,a25@naver.com,010-1111-2246,1234
N26,a26@naver.com,010-1111-2247,1234
N27,a27@naver.com,010-1111-2248,1234
N28,a28@naver.com,010-1111-2249,1234
N29,a29@naver.com,010-1111-2250,1234
N30,a30@naver.com,010-1111-2251,1234
N31,a31@naver.com,010-1111-2252,1234
N32,a32@naver.com,010-1111-2253,1234
N33,a33@naver.com,010-1111-2254,1234
N34,a34@naver.com,010-1111-2255,1234
N35,a35@naver.com,010-1111-2256,1234
N36,a36@naver.com,010-1111-2257,1234
N37,a37@naver.com,010-1111-2258,1234
N38,a38@naver.com,010-1111-2259,1234
N39,a39@naver.com,010-1111-2260,1234
N40,a40@naver.com,010-1111-2261,1234
N41,a41@naver.com,010-1111-2262,1234
N42,a42@naver.com,010-1111-2263,1234
N43,a43@naver.com,010-1111-2264,1234
N44,a44@naver.com,010-1111-2265,1234
N45,a45@naver.com,010-1111-2266,1234
N46,a46@naver.com,010-1111-2267,1234
N47,a47@naver.com,010-1111-2268,1234
N48,a48@naver.com,010-1111-2269,1234
N49,a49@naver.com,010-1111-2270,1234
N50,a50@naver.com,010-1111-2271,1234
N51,a51@naver.com,010-1111-2272,1234
N52,a52@naver.com,010-1111-2273,1234
N53,a53@naver.com,010-1111-2274,1234
N54,a54@naver.com,010-1111-2275,1234
N55,a55@naver.com,010-1111-2276,1234
N56,a56@naver.com,010-1111-2277,1234
N57,a57@naver.com,010-1111-2278,1234
N58,a58@naver.com,010-1111-2279,1234
N59,a59@naver.com,010-1111-2280,1234
N60,a60@naver.com,010-1111-2281,1234
N61,a61@naver.com,010-1111-2282,1234
N62,a62@naver.com,010-1111-2283,1234
N63,a63@naver.com,010-1111-2284,1234
N64,a64@naver.com,010-1111-2285,1234
N65,a65@naver.com,010-1111-2286,1234
N66,a66@naver.com,010-1111-2287,1234
N67,a67@naver.com,010-1111-2288,1234
N68,a68@naver.com,010-1111-2289,1234
N69,a69@naver.com,010-1111-2290,1234
N70,a70@naver.com,010-1111-2291,1234
N71,a71@naver.com,010-1111-2292,1234
N72,a72@naver.com,010-1111-2293,1234
N73,a73@naver.com,010-1111-2294,1234
N74,a74@naver.com,010-1111-2295,1234
N75,a75@naver.com,010-1111-2296,1234
N76,a76@naver.com,010-1111-2297,1234
N77,a77@naver.com,010-1111-2298,1234
N78,a78@naver.com,010-1111-2299,1234
N79,a79@naver.com,010-1111-2300,1234
N80,a80@naver.com,010-1111-2301,1234
N81,a81@naver.com,010-1111-2302,1234
N82,a82@naver.com,010-1111-2303,1234
N83,a83@naver.com,010-1111-2304,1234
N84,a84@naver.com,010-1111-2305,1234
N85,a85@naver.com,010-1111-2306,1234
N86,a86@naver.com,010-1111-2307,1234
N87,a87@naver.com,010-1111-2308,1234
N88,a88@naver.com,010-1111-2309,1234
N89,a89@naver.com,010-1111-2310,1234
N90,a90@naver.com,010-1111-2311,1234
N91,a91@naver.com,010-1111-2312,1234
N92,a92@naver.com,010-1111-2313,1234
N93,a93@naver.com,010-1111-2314,1234
N94,a94@naver.com,010-1111-2315,1234
N95,a95@naver.com,010-1111-2316,1234
N96,a96@naver.com,010-1111-2317,1234
N97,a97@naver.com,010-1111-2318,1234
N98,a98@naver.com,010-1111-2319,1234
N99,a99@naver.com,010-1111-2320,1234
N100,a100@naver.com,010-1111-2321,1234
N101,a101@naver.com,010-1111-2322,1234
N102,a102@naver.com,010-1111-2323,1234
N103,a103@naver.com,010-1111-2324,1234
N104,a104@naver.com,010-1111-2325,1234
N105,a105@naver.com,010-1111-2326,1234
N106,a106@naver.com,010-1111-2327,1234
N107,a107@naver.com,010-1111-2328,1234
N108,a108@naver.com,010-1111-2329,1234
N109,a109@naver.com,010-1111-2330,1234
N110,a110@naver.com,010-1111-2331,1234
N111,a111@naver.com,010-1111-2332,1234
N112,a112@naver.com,010-1111-2333,1234
N113,a113@naver.com,010-1111-2334,1234
N114,a114@naver.com,010-1111-2335,1234
N115,a115@naver.com,010-1111-2336,1234
N116,a116@naver.com,010-1111-2337,1234
N117,a117@naver.com,010-1111-2338,1234
N118,a118@naver.com,010-1111-2339,1234
N119,a119@naver.com,010-1111-2340,1234
N120,a120@naver.com,010-1111-2341,1234
N121,a121@naver.com,010-1111-2342,1234
N122,a122@naver.com,010-1111-2343,1234
N123,a123@naver.com,010-1111-2344,1234
N124,a124@naver.com,010-1111-2345,1234
N125,a125@naver.com,010-1111-2346,1234
N126,a126@naver.com,010-1111-2347,1234
N127,a127@naver.com,010-1111-2348,1234
N128,a128@naver.com,010-1111-2349,1234
N129,a129@naver.com,010-1111-2350,1234
N130,a130@naver.com,010-1111-2351,1234
N131,a131@naver.com,010-1111-2352,1234
N132,a132@naver.com,010-1111-2353,1234
N133,a133@naver.com,010-1111-2354,1234
N134,a134@naver.com,010-1111-2355,1234
N135,a135@naver.com,010-1111-2356,1234
N136,a136@naver.com,010-1111-2357,1234
N137,a137@naver.com,010-1111-2358,1234
N138,a138@naver.com,010-1111-2359,1234
N139,a139@naver.com,010-1111-2360,1234
N140,a140@naver.com,010-1111-2361,1234
N141,a141@naver.com,010-1111-2362,1234
N142,a142@naver.com,010-1111-2363,1234
N143,a143@naver.com,010-1111-2364,1234
N144,a144@naver.com,010-1111-2365,1234
N145,a145@naver.com,010-1111-2366,1234
N146,a146@naver.com,010-1111-2367,1234
N147,a147@naver.com,010-1111-2368,1234
N148,a148@naver.com,010-1111-2369,1234
N149,a149@naver.com,010-1111-2370,1234
N150,a150@naver.com,010-1111-2371,1234
N151,a151@naver.com,010-1111-2372,1234
N152,a152@naver.com,010-1111-2373,1234
N153,a153@naver.com,010-1111-2374,1234
N154,a154@naver.com,010-1111-2375,1234
N155,a155@naver.com,010-1111-2376,1234
N156,a156@naver.com,010-1111-2377,1234
N157,a157@naver.com,010-1111-2378,1234
N158,a158@naver.com,010-1111-2379,1234
N159,a159@naver.com,010-1111-2380,1234
N160,a160@naver.com,010-1111-2381,1234
N161,a161@naver.com,010-1111-2382,1234
N162,a162@naver.com,010-1111-2383,1234
N163,a163@naver.com,010-1111-2384,1234
N164,a164@naver.com,010-1111-2385,1234
N165,a165@naver.com,010-1111-2386,1234
N166,a166@naver.com,010-1111-2387,1234
N167,a167@naver.com,010-1111-2388,1234
N168,a168@naver.com,010-1111-2389,1234
N169,a169@naver.com,010-1111-2390,1234
N170,a170@naver.com,010-1111-2391,1234
N171,a171@naver.com,010-1111-2392,1234
N172,a172@naver.com,010-1111-2393,1234
N173,a173@naver.com,010-1111-2394,1234
N174,a174@naver.com,010-1111-2395,1234
N175,a175@naver.com,010-1111-2396,1234
N176,a176@naver.com,010-1111-2397,1234
N177,a177@naver.com,010-1111-2398,1234
N178,a178@naver.com,010-1111-2399,1234
N179,a179@naver.com,010-1111-2400,1234
N180,a180@naver.com,010-1111-2401,1234
N181,a181@naver.com,010-1111-2402,1234
N182,a182@naver.com,010-1111-2403,1234
N183,a183@naver.com,010-1111-2404,1234
N184,a184@naver.com,010-1111-2405,1234
N185,a185@naver.com,010-1111-2406,1234
N186,a186@naver.com,010-1111-2407,1234
N187,a187@naver.com,010-1111-2408,1234
N188,a188@naver.com,010-1111-2409,1234
N189,a189@naver.com,010-1111-2410,1234
N190,a190@naver.com,010-1111-2411,1234
N191,a191@naver.com,010-1111-2412,1234
N192,a192@naver.com,010-1111-2413,1234
N193,a193@naver.com,010-1111-2414,1234
N194,a194@naver.com,010-1111-2415,1234
N195,a195@naver.com,010-1111-2416,1234
N196,a196@naver.com,010-1111-2417,1234
N197,a197@naver.com,010-1111-2418,1234
N198,a198@naver.com,010-1111-2419,1234
N199,a199@naver.com,010-1111-2420,1234
N200,a200@naver.com,010-1111-2421,1234
N201,a201@naver.com,010-1111-2422,1234
N202,a202@naver.com,010-1111-2423,1234
N203,a203@naver.com,010-1111-2424,1234
N204,a204@naver.com,010-1111-2425,1234
N205,a205@naver.com,010-1111-2426,1234
N206,a206@naver.com,010-1111-2427,1234
N207,a207@naver.com,010-1111-2428,1234
N208,a208@naver.com,010-1111-2429,1234
N209,a209@naver.com,010-1111-2430,1234
N210,a210@naver.com,010-1111-2431,1234
N211,a211@naver.com,010-1111-2432,1234
N212,a212@naver.com,010-1111-2433,1234
N213,a213@naver.com,010-1111-2434,1234
N214,a214@naver.com,010-1111-2435,1234
N215,a215@naver.com,010-1111-2436,1234
N216,a216@naver.com,010-1111-2437,1234
N217,a217@naver.com,010-1111-2438,1234
N218,a218@naver.com,010-1111-2439,1234
N219,a219@naver.com,010-1111-2440,1234
N220,a220@naver.com,010-1111-2441,1234
N221,a221@naver.com,010-1111-2442,1234
N222,a222@naver.com,010-1111-2443,1234
N223,a223@naver.com,010-1111-2444,1234
N224,a224@naver.com,010-1111-2445,1234
N225,a225@naver.com,010-1111-2446,1234
N226,a226@naver.com,010-1111-2447,1234
N227,a227@naver.com,010-1111-2448,1234
N228,a228@naver.com,010-1111-2449,1234
N229,a229@naver.com,010-1111-2450,1234
N230,a230@naver.com,010-1111-2451,1234
N231,a231@naver.com,010-1111-2452,1234
N232,a232@naver.com,010-1111-2453,1234
N233,a233@naver.com,010-1111-2454,1234
N234,a234@naver.com,010-1111-2455,1234
N235,a235@naver.com,010-1111-2456,1234
N236,a236@naver.com,010-1111-2457,1234
N237,a237@naver.com,010-1111-2458,1234
N238,a238@naver.com,010-1111-2459,1234
N239,a239@naver.com,010-1111-2460,1234
N240,a240@naver.com,010-1111-2461,1234
N241,a241@naver.com,010-1111-2462,1234
N242,a242@naver.com,010-1111-2463,1234
N243,a243@naver.com,010-1111-2464,1234
N244,a244@naver.com,010-1111-2465,1234
N245,a245@naver.com,010-1111-2466,1234
N246,a246@naver.com,010-1111-2467,1234
N247,a247@naver.com,010-1111-2468,1234
N248,a248@naver.com,010-1111-2469,1234
N249,a249@naver.com,010-1111-2470,1234
N250,a250@naver.com,010-1111-2471,1234
